<?xml version="1.0" encoding="utf-8"?>
<skin>
   <information>
      <name>hELLO</name>
      <version>3.4.3</version>
      <description>
         <![CDATA[ⓒ 2020-2021. SangWoo Jeong.]]>
      </description>
      <license>
         <![CDATA[MIT]]>
      </license>
   </information>
   <author>
      <name>SangWoo Jeong</name>
      <homepage>http://pronist.tistory.com</homepage>
      <email>pronist@naver.com</email>
   </author>
   <liststyle>
    <item>
      <value>default</value>
      <label>리스트 (오리지널)</label>
    </item>
    <item>
      <value>list</value>
      <label>리스트</label>
    </item>
    <item>
      <value>grid</value>
      <label>그리드</label>
    </item>
    <item>
      <value>gallery</value>
      <label>갤러리</label>
    </item>
    <item>
      <value>zigzag</value>
      <label>지그재그</label>
    </item>
   </liststyle>
   <cover>
    <item>
      <name>default</name>
      <label>리스트 (오리지널)</label>
      <description>기본적으로 hELLO 스킨에서 제공하는 오리지널 리스트입니다</description>
    </item>
    <item>
      <name>list</name>
      <label>리스트</label>
      <description>리스트 형태로 글을 보여줍니다.</description>
    </item>
    <item>
      <name>grid</name>
      <label>그리드</label>
      <description>그리드 형태로 글을 보여줍니다.</description>
    </item>
    <item>
      <name>gallery</name>
      <label>갤러리</label>
      <description>갤러리 형태로 글을 보여줍니다</description>
    </item>
    <item>
      <name>slideshow</name>
      <label>슬라이드쇼</label>
      <description>슬라이드쇼 형태로 글을 보여줍니다.</description>
    </item>
    <item>
      <name>slideshow-screen</name>
      <label>슬라이드쇼 (스크린) </label>
      <description>슬라이드쇼 (스크린) 형태로 글을 보여줍니다.</description>
    </item>
    <item>
      <name>slider</name>
      <label>슬라이더</label>
      <description>슬라이더 형태로 글을 보여줍니다.</description>
    </item>
    <item>
      <name>slider-screen</name>
      <label>슬라이더 (스크린)</label>
      <description>슬라이더 (스크린) 형태로 글을 보여줍니다.</description>
    </item>
    <item>
      <name>zigzag</name>
      <label>지그재그</label>
      <description>지그재그 형태로 글을 보여줍니다.</description>
    </item>
   </cover>
   <variables>
    <variablegroup name='컨텐츠 너비'>
      <variable>
        <name>index-width</name>
        <label>홈(인덱스)</label>
        <description><![CDATA[ 홈(인덱스) ]]></description>
        <type>STRING</type>
        <default>1100</default>
      </variable>
      <variable>
        <name>article-width</name>
        <label>글(퍼머링크)</label>
        <description><![CDATA[ 글(퍼머링크) ]]></description>
        <type>STRING</type>
        <default>720</default>
      </variable>
      <variable>
        <name>guestbook-width</name>
        <label>방명록</label>
        <description><![CDATA[ 방명록 ]]></description>
        <type>STRING</type>
        <default>720</default>
      </variable>
      <variable>
        <name>tagcloud-width</name>
        <label>태그 클라우드</label>
        <description><![CDATA[ 태그 클라우드 ]]></description>
        <type>STRING</type>
        <default>1100</default>
      </variable>
    </variablegroup>
    <variablegroup name='커버'>
      <variable>
        <name>gallery-column-count</name>
        <label>갤러리 열 수</label>
        <description><![CDATA[ 갤러리 커버의 열 수를 지정합니다 ]]></description>
        <type>STRING</type>
        <default>3</default>
      </variable>
      <variable>
        <name>gallery-item-height</name>
        <label>갤러리 아이템 높이</label>
        <description><![CDATA[ 갤러리 커버의 아이템 높이를 지정합니다 ]]></description>
        <type>STRING</type>
        <default>280</default>
      </variable>
      <variable>
        <name>grid-column-count</name>
        <label>그리드 열 수</label>
        <description><![CDATA[ 그리드 커버의 열 수를 지정합니다 ]]></description>
        <type>STRING</type>
        <default>3</default>
      </variable>
      <variable>
        <name>slideshow-height</name>
        <label>슬라이드쇼 높이</label>
        <description><![CDATA[ 테이프 커버의 높이를 지정합니다 ]]></description>
        <type>STRING</type>
        <default>280</default>
      </variable>
      <variable>
        <name>slider-column-count</name>
        <label>슬라이더 열 수</label>
        <description><![CDATA[ 슬라이더 커버의 열 수를 지정합니다 ]]></description>
        <type>STRING</type>
        <default>4</default>
      </variable>
      <variable>
        <name>slider-height</name>
        <label>슬라이더 높이</label>
        <description><![CDATA[ 테이프 커버의 높이를 지정합니다 ]]></description>
        <type>STRING</type>
        <default>520</default>
      </variable>
    </variablegroup>
    <variablegroup name="공통">
      <variable>
        <name>theme</name>
        <label>테마</label>
        <description><![CDATA[ 블로그 테마 ]]></description>
        <type>SELECT</type>
        <option><![CDATA[
          [
            { "name": "light", "label": "라이트 모드", "value": "light" },
            { "name": "dark", "label": "다크 모드", "value": "dark" }
          ]
        ]]></option>
        <default>light</default>
      </variable>
      <variable>
        <name>switch-theme</name>
        <label>수동 테마 변경</label>
        <description><![CDATA[ 수동 테마 변경 ]]></description>
        <type>BOOL</type>
        <default>true</default>
      </variable>
      <variable>
        <name>to-top</name>
        <label>제일 위로</label>
        <description><![CDATA[ 제일 위로 ]]></description>
        <type>BOOL</type>
        <default>true</default>
      </variable>
      <variable>
        <name>loader</name>
        <label>로더</label>
        <description><![CDATA[ 블로그 로딩 애니메이션 ]]></description>
        <type>BOOL</type>
        <default>true</default>
      </variable>
      <variable>
        <name>sidebar</name>
        <label>사이드바</label>
        <description><![CDATA[ 사이드바 ]]></description>
        <type>BOOL</type>
        <default>true</default>
      </variable>
    </variablegroup>
    <variablegroup name="홈 (인덱스)">
      <variable>
        <name>list-image-mode</name>
        <label>글 목록 이미지</label>
        <description><![CDATA[ 카테고리, 태그 등에서 보여줄 글 목록 이미지 모드 ]]></description>
        <type>SELECT</type>
        <option><![CDATA[
          [
            { "name": "default", "label": "기본", "value": "default" },
            { "name": "tape", "label": "테이프", "value": "tape" },
            { "name": "screen", "label": "스크린", "value": "screen" }
          ]
        ]]></option>
        <default>default</default>
      </variable>
    </variablegroup>
    <variablegroup name="글 (퍼머링크)">
      <variable>
        <name>article-mode</name>
        <label>글 읽기</label>
        <description><![CDATA[ 글, 페이지, 공지사항 글 읽기 모드 ]]></description>
        <type>SELECT</type>
        <option><![CDATA[
          [
            { "name": "default", "label": "기본", "value": "default" },
            { "name": "tape", "label": "테이프", "value": "tape" },
            { "name": "screen", "label": "스크린", "value": "screen" }
          ]
        ]]></option>
        <default>default</default>
      </variable>
      <variable>
        <name>hljs-theme-light</name>
        <label>코드 하이라이팅 (라이트 모드)</label>
        <description><![CDATA[ 코드 하이라이팅 (라이트 모드) ]]></description>
        <type>STRING</type>
        <default>xcode</default>
      </variable>
      <variable>
        <name>hljs-theme-dark</name>
        <label>코드 하이라이팅 (다크 모드)</label>
        <description><![CDATA[ 코드 하이라이팅 (다크 모드) ]]></description>
        <type>STRING</type>
        <default>vs2015</default>
      </variable>
      <variable>
        <name>paging</name>
        <label>페이징</label>
        <description><![CDATA[ 페이징 ]]></description>
        <type>BOOL</type>
        <default>true</default>
      </variable>
      <variable>
        <name>scrollspy</name>
        <label>TOC(Table Of Contents)</label>
        <description><![CDATA[ TOC(Table Of Contents) ]]></description>
        <type>BOOL</type>
        <default>true</default>
      </variable>
      <variable>
        <name>author</name>
        <label>글 작성자</label>
        <description><![CDATA[ 글 하단 작성자 ]]></description>
        <type>BOOL</type>
        <default>true</default>
      </variable>
      <variable>
        <name>comment</name>
        <label>댓글</label>
        <description><![CDATA[ 댓글 ]]></description>
        <type>BOOL</type>
        <default>true</default>
      </variable>
      <variable>
        <name>related</name>
        <label>카테고리의 다른 글</label>
        <description><![CDATA[ 카테고리의 다른 글 ]]></description>
        <type>BOOL</type>
        <default>true</default>
      </variable>
      <variable>
        <name>notify</name>
        <label>이전 글/다음 글</label>
        <description><![CDATA[ 이전 글/다음 글 ]]></description>
        <type>BOOL</type>
        <default>true</default>
      </variable>
    </variablegroup>
    <variablegroup name="공지사항">
      <variable>
        <name>notice-list-mode</name>
        <label>글 목록</label>
        <description><![CDATA[ 공지사항 글 목록 모드 ]]></description>
        <type>SELECT</type>
        <option><![CDATA[
          [
            { "name": "default", "label": "리스트 (오리지널)", "value": "default" },
            { "name": "list", "label": "리스트", "value": "list" },
            { "name": "grid", "label": "그리드", "value": "grid" },
            { "name": "gallery", "label": "갤러리", "value": "gallery" },
            { "name": "zigzag", "label": "지그재그", "value": "zigzag" }
          ]
        ]]></option>
        <default>default</default>
      </variable>
    </variablegroup>
    <variablegroup name="상호작용 메시지">
      <variable>
        <name>message-request</name>
        <label>공감요청</label>
        <description><![CDATA[ 공감요청 ]]></description>
        <type>STRING</type>
        <default><![CDATA[ 도움이 되셨다면 공감 부탁드립니다! ]]></default>
      </variable>
      <variable>
        <name>message-heart</name>
        <label>공감</label>
        <description><![CDATA[ 공감 ]]></description>
        <type>STRING</type>
        <default><![CDATA[ 공감해주셔서 감사합니다. ]]></default>
      </variable>
      <variable>
        <name>message-unheart</name>
        <label>공감취소</label>
        <description><![CDATA[ 공감취소 ]]></description>
        <type>STRING</type>
        <default><![CDATA[ 공감이 취소되었습니다. ]]></default>
      </variable>
      <variable>
        <name>message-subscribe</name>
        <label>구독</label>
        <description><![CDATA[ 구독 ]]></description>
        <type>STRING</type>
        <default><![CDATA[ 구독 감사합니다. ]]></default>
      </variable>
      <variable>
        <name>message-unsubscribe</name>
        <label>구독취소</label>
        <description><![CDATA[ 구독취소 ]]></description>
        <type>STRING</type>
        <default><![CDATA[ 구독이 취소되었습니다. ]]></default>
      </variable>
      <variable>
        <name>message-url</name>
        <label>URL 복사</label>
        <description><![CDATA[ URL 복사 ]]></description>
        <type>STRING</type>
        <default><![CDATA[ 포스트 주소가 복사되었습니다. ]]></default>
      </variable>
    </variablegroup>
  </variables>
  <default>
    <liststyle>default</liststyle>
    <recentEntries>5</recentEntries>
    <recentComments>5</recentComments>
    <lengthOfRecentNotice>32</lengthOfRecentNotice>
    <lengthOfRecentEntry>32</lengthOfRecentEntry>
    <lengthOfRecentComment>32</lengthOfRecentComment>
  </default>
</skin>
